<DATA>
<TITLE>AddLines DB</TITLE>

<DATA000>
<NAME>OutFile Debug</NAME>
<LINES>//
#ifdef _DEBUG	
	FILE *fp_debug;
	if(!(fp_debug = fopen("__DDEBUG_.txt", "a")) == NULL)
	{
		int test = 0;
		fprintf(fp_debug, "%d\n", test);
		fclose(fp_debug); 
	}
#endif
</LINES>
</DATA000>

<DATA001>
<NAME>APIDrawNoticeToUser</NAME>
<LINES>//
#ifdef _DEBUG	
	///////////////// remove later ////////////////////////////////
	char buffer[128] = {0};
	sprintf(buffer, "%d", 0);
	APIDrawNoticeToUser(buffer,1);
	///////////////// remove later ////////////////////////////////
#endif
</LINES>
</DATA001>

<DATA002>
<NAME>STRTOK_Routine</NAME>
<LINES>
	FILE *fp;
		char *p, *q;
		char buff1[256] = {0};
		char buff2[256] = {0};
		char strOneLine1[512] = {0};
		char strOneLine2[512] = {0};

bool GetData(void)
{

	if((fp = fopen("rotw_fpl.sit", "r")) == NULL) return false;
	while(fgets(strOneLine1, 512, fp) != NULL)
	{
		p = strtok(strOneLine1, " ");
		if(!p) continue;
		strcpy(buff1, p);

		if(!strcmp(buff1, "<orgn>"))
		{
			p = strtok(NULL, " ");
			? = atof(p);
			p = strtok(NULL, " ");
			? = atof(p);
		}
	}

	fclose(fp);
	return true;
}
</LINES>
</DATA002>

<DATA003>
<NAME>Include File .h</NAME>
<LINES>// .h : include file
//

#if !defined(__MY_HEADER_NAME_HERE__)
#define __MY_HEADER_NAME_HERE__

// TODO: reference additional headers your program requires here

#endif // __MY_HEADER_NAME_HERE__
</LINES>
</DATA003>

<DATA004>
<NAME>NVI class header</NAME>
<LINES>//////////////////////////////
//
// NVI class model with Clone
// needs :
//      <assert.h>
//      <typeinfo>
//
// Non STLPORT compatible !
//
//////////////////////////////

class CNVIBaseClass  
{
public:
  explicit CNVIBaseClass (void) {;} // standard constructor
  virtual ~CNVIBaseClass (void) {;} // standard destructor

  CNVIBaseClass& operator =(const CNVIBaseClass&); // non implemented

  // Clone to avoid implicit construct by copy
  CNVIBaseClass* Clone (void) const {
    CNVIBaseClass* p = DoClone ();
    assert (typeid(*p) == typeid(*this) && "DoClone incorrectly overriden");
    return p;
  }

  // Interface
  void fn_public (void) const {fn_private ();} // public interface NVI method

protected:
  CNVIBaseClass (const CNVIBaseClass&) {}; // constructor by copy
  virtual CNVIBaseClass*   DoClone    (void) const = 0;
  virtual void fn_private (void) const {;} // private virtual NVI method
};

//////////////////////////////
//
// 
//
//////////////////////////////

class CNVIDerivedClass : public CNVIBaseClass
{
public:
  explicit CNVIDerivedClass (void) : CNVIBaseClass () {;}

  // Interface
  void fn_public (void) const {fn_private ();} // public interface NVI method

protected:
  virtual CNVIBaseClass*   DoClone    (void) const {return new CNVIDerivedClass ();}
  virtual void fn_private (void) const {printf ("test\n");} // private virtual NVI method

};
</LINES>
</DATA004>

<DATA005>
<NAME>Standard class</NAME>
<LINES>/*!
//  CLASS
//  -------
//  #include <stdio.h>
//  #include <string>
//  #include <string.h>
*/
class Complete
{
private:
	bool dirty;	// oject state memo
private:
	int x;
	double y;
	std::string s;
	char *p;

	void Init()
	{
		x			= 0;
		y			= 0.0;
		s			= "void";
		if(p)		/*free (p); */delete p;
		p			= NULL;
		dirty		= false;
	}

	void Copy(const Complete &aCopy)
	{
		Init();
		x			= aCopy.x;
		y			= aCopy.y;
		s			= aCopy.s;
		if(p)		/*free (p); */delete p;
		p			= NULL;
		if(aCopy.p)
		{
					p = new char[(strlen(aCopy.p) + 1)];
//					p = (char *) malloc((strlen(aCopy.p) + 1) * sizeof(char));
					strcpy(p, aCopy.p);
		}
		dirty		= true;
	}

public:
	// construecteurs et destructeurs
	Complete()
		{p = NULL; Init();}
	Complete(const Complete &aCopy)
		{p = NULL; Copy(aCopy);}
	Complete(int _x, double _y, std::string &_s, const char *_p)
		{
			x = _x;
			y = _y;
			s = _s;
			if(_p)
			{
				p = new char[(strlen(_p) + 1)];
//				p = (char *) malloc((strlen(_p) + 1) * sizeof(char));
				strcpy(p, _p);
			}
			else
				p = NULL;
			dirty = true;
		}
	virtual ~Complete()
		{
			if(p) /*free (p); */delete p;
		}
	// accesseurs
	// set
	void setX(const int &_x)
		{
			if(x != _x) dirty = true;
			x = _x;
		}
	void setY(const double &_y)
		{
			if(y != _y) dirty = true;
			y = _y;
		}
	void setS(const char *_s)
		{
			if(s != _s) dirty = true;
			s = _s;
		}
	void setP(const char *_p)
		{
			if(p != _p) dirty = true;
			if(p) {/*free (p); */delete p; p = NULL;}
			if(_p)
			{
				p = new char[(strlen(_p) + 1)];
//				p = (char *) malloc(((strlen(_p) + 1) + 1) * sizeof(char));
				strcpy(p, _p);
			}
			else
				p = NULL;
		}
	// get
	int getX(void) const
		{
			return x;
		}
	double getY(void) const
		{
			return y;
		}
	std::string getS(void) const
		{
			return s;
		}
	const char* getP(void) const // always return a CONST with internal pointers
		{
			return p;
		}
	// Clone
	Complete Clone(void)
		{
			Complete c;
			c.Copy(*this);
			return c;
		}
	// Operator =
	Complete& operator=(const Complete &aCopy)
	{
		Copy(aCopy);
		return *this;
	}
};

</LINES>
</DATA005>

<DATA006>
<NAME>Copy & Paste</NAME>
<LINES>
Place holder
</LINES>
</DATA006>

<DATA007>
<NAME>Copy & Paste</NAME>
<LINES>
Place holder
</LINES>
</DATA007>

<DATA999>
<NAME>Copy & Paste</NAME>
<LINES>
Place holder
</LINES>
</DATA999>

</DATA>
